application_id,outcome
Record_646926,2
Record_647042,2
Record_647664,2
Record_648003,2
Record_648492,2
Record_648669,2
Record_648875,2
Record_649235,2
Record_650117,2
Record_650363,2
Record_650441,2
Record_650692,2
Record_651035,2
Record_651109,2
Record_651189,2
Record_651330,2
Record_651384,2
Record_651813,2
Record_652035,2
Record_652097,2
Record_652422,2
Record_652452,2
Record_652717,2
Record_653168,2
Record_653208,2
Record_653374,2
Record_653482,0
Record_653490,2
Record_653784,2
Record_653786,2
Record_653851,2
Record_653902,2
Record_654004,2
Record_654237,2
Record_654435,2
Record_654463,1
Record_654763,2
Record_654812,2
Record_654872,2
Record_654886,2
Record_655260,2
Record_655265,1
Record_655280,1
Record_655476,2
Record_655706,2
Record_655871,1
Record_655945,2
Record_655996,2
Record_655998,1
Record_656086,2
Record_656263,2
Record_656525,2
Record_656897,2
Record_656939,2
Record_656971,2
Record_656979,2
Record_657018,2
Record_657035,2
Record_657397,2
Record_657520,2
Record_657601,2
Record_657622,2
Record_657624,1
Record_657637,2
Record_657778,2
Record_658424,1
Record_658449,2
Record_658862,2
Record_658901,2
Record_658950,2
Record_659150,2
Record_659732,2
Record_659763,1
Record_660397,2
Record_660632,2
Record_660680,1
Record_660736,2
Record_660839,2
Record_661008,2
Record_661160,1
Record_661251,2
Record_661687,2
Record_661773,2
Record_661884,2
Record_662229,2
Record_662307,2
Record_662337,2
Record_662408,2
Record_662845,1
Record_663029,2
Record_663321,2
Record_663950,2
Record_664100,2
Record_664442,2
Record_664818,2
Record_665005,2
Record_665216,2
Record_665287,2
Record_665785,2
Record_665961,2
Record_666150,2
Record_666389,2
Record_667629,2
Record_667658,2
Record_667881,2
Record_667956,2
Record_668167,2
Record_668551,2
Record_668582,2
Record_668711,2
Record_668864,2
Record_669044,2
Record_669216,2
Record_669645,1
Record_670737,0
Record_671497,2
Record_671553,2
Record_672147,2
Record_672171,2
Record_672265,2
Record_672271,2
Record_672583,2
Record_673225,1
Record_673400,0
Record_673410,2
Record_673869,2
Record_674146,2
Record_674190,2
Record_674283,1
Record_674315,2
Record_674329,2
Record_674717,2
Record_674726,2
Record_674748,2
Record_674800,2
Record_674822,2
Record_674872,2
Record_674958,2
Record_675330,2
Record_675344,2
Record_675374,2
Record_675407,2
Record_675525,2
Record_675565,2
Record_675662,2
Record_675761,1
Record_675777,2
Record_676137,1
Record_676342,1
Record_676411,2
Record_676432,2
Record_676443,2
Record_675562,2
Record_676711,2
Record_676796,2
Record_677048,2
Record_677111,2
Record_677141,2
Record_677244,2
Record_677302,2
Record_677317,2
Record_677338,2
Record_677393,2
Record_677490,2
Record_677567,2
Record_677747,2
Record_677774,2
Record_677823,2
Record_677824,2
Record_678023,2
Record_678191,2
Record_678234,2
Record_678288,1
Record_678484,1
Record_678524,2
Record_678599,2
Record_678747,2
Record_678792,1
Record_678840,2
Record_679170,2
Record_679345,2
Record_679382,2
Record_679556,2
Record_679906,2
Record_680356,2
Record_680433,2
Record_680470,2
Record_680543,2
Record_681001,1
Record_681090,2
Record_681161,2
Record_681294,1
Record_681333,2
Record_681472,2
Record_681541,2
Record_681637,1
Record_681654,2
Record_681861,2
Record_681958,2
Record_682210,2
Record_682412,2
Record_682419,2
Record_682438,2
Record_682585,2
Record_683177,2
Record_683244,1
Record_683305,2
Record_683378,0
Record_683419,2
Record_683503,1
Record_683534,2
Record_683587,2
Record_683598,2
Record_683663,2
Record_683685,2
Record_683853,2
Record_683935,2
Record_684191,2
Record_684194,2
Record_684223,2
Record_684413,2
Record_684414,2
Record_684982,2
Record_685007,2
Record_685109,2
Record_685125,2
Record_685238,2
Record_685386,2
Record_685912,2
Record_685901,2
Record_686007,2
Record_686194,2
Record_686444,2
Record_686499,2
Record_686622,2
Record_686687,2
Record_686772,2
Record_686989,2
Record_687127,2
Record_687144,2
Record_687198,2
Record_687328,2
Record_687351,2
Record_687523,2
Record_687676,2
Record_688023,2
Record_688182,2
Record_688305,2
Record_688319,1
Record_688405,2
Record_688507,2
Record_688679,2
Record_688815,1
Record_688846,2
Record_688847,2
Record_688881,2
Record_688968,2
Record_688984,2
Record_689062,2
Record_689141,2
Record_689228,0
Record_689256,2
Record_689322,2
Record_689401,2
Record_689462,2
Record_689514,2
Record_689573,2
Record_689771,2
Record_690011,0
Record_690101,2
Record_690201,2
Record_690216,2
Record_690293,2
Record_690412,2
Record_690473,2
Record_690599,2
Record_690657,2
Record_690888,2
Record_690911,2
Record_691379,2
Record_691579,2
Record_691585,2
Record_691662,2
Record_691868,2
Record_692146,2
Record_692206,2
Record_692567,2
Record_692593,0
Record_692609,2
Record_692694,2
Record_692855,2
Record_692886,2
Record_692895,1
Record_693191,2
Record_693555,2
Record_693593,2
Record_693595,1
Record_693769,2
Record_693916,2
Record_694060,2
Record_695038,2
Record_695149,2
Record_695187,2
Record_695193,1
Record_695871,2
Record_695897,2
Record_696500,2
Record_696702,0
Record_696792,2
Record_696988,2
Record_697027,2
Record_697274,2
Record_697337,1
Record_697388,2
Record_697509,2
Record_697518,2
Record_697590,2
Record_697619,2
Record_697637,2
Record_697659,2
Record_697837,2
Record_697863,2
Record_698042,2
Record_698130,1
Record_698213,1
Record_698347,2
Record_698385,2
Record_698460,2
Record_698534,2
Record_698539,2
Record_698563,0
Record_698665,2
Record_698687,2
Record_698806,2
Record_698827,1
Record_698896,2
Record_699174,2
Record_699402,2
Record_699509,2
Record_699597,2
Record_699721,1
Record_699893,2
Record_700122,2
Record_700182,2
Record_700198,2
Record_700235,2
Record_700282,2
Record_700293,2
Record_700315,2
Record_700354,2
Record_700398,2
Record_700420,2
Record_700535,2
Record_700587,2
Record_700592,2
Record_700684,2
Record_700706,2
Record_700711,2
Record_700945,2
Record_700946,2
Record_701009,2
Record_701044,2
Record_701066,2
Record_701099,0
Record_701159,0
Record_701188,2
Record_701241,2
Record_701326,2
Record_701458,2
Record_701464,2
Record_701722,2
Record_701797,2
Record_701822,2
Record_701918,2
Record_701978,2
Record_701996,2
Record_702030,2
Record_702512,2
Record_702527,2
Record_702556,2
Record_702758,2
Record_702882,2
Record_702923,2
Record_702964,2
Record_703081,2
Record_703285,2
Record_703614,2
Record_703736,2
Record_703773,2
Record_703807,2
Record_704478,2
Record_704514,2
Record_704658,2
Record_704699,2
Record_704748,2
Record_705009,2
Record_705269,2
Record_705290,2
Record_705349,2
Record_705378,2
Record_705433,2
Record_705486,2
Record_705544,2
Record_705596,2
Record_705707,2
Record_705808,2
Record_706076,1
Record_706228,2
Record_706249,2
Record_706610,2
Record_706616,2
Record_706716,2
Record_706739,2
Record_706750,2
Record_706855,2
Record_706878,2
Record_706914,1
Record_706926,2
Record_706962,2
Record_707212,2
Record_707651,2
Record_707657,2
Record_707800,2
Record_707898,2
Record_708062,2
Record_708152,2
Record_708224,2
Record_708251,1
Record_708444,2
Record_708731,2
Record_708807,2
Record_709069,2
Record_709076,1
Record_709151,2
Record_709157,2
Record_709316,2
Record_709400,2
Record_709410,0
Record_709616,2
Record_709685,2
Record_709733,2
Record_709782,2
Record_709835,2
Record_709871,0
Record_709915,0
Record_710019,2
Record_710069,2
Record_710097,2
Record_710171,0
Record_710396,2
Record_710404,2
Record_710584,2
Record_710631,2
Record_710762,2
Record_710848,2
Record_710979,2
Record_711368,2
Record_711393,2
Record_711498,2
Record_711578,2
Record_711650,2
Record_711696,2
Record_711761,2
Record_712288,2
Record_712468,2
Record_712525,2
Record_712624,2
Record_712773,2
Record_712829,2
Record_712850,2
Record_712948,2
Record_712961,2
Record_713358,2
Record_713589,0
Record_714004,2
Record_714142,2
Record_714181,2
Record_714197,2
Record_714301,2
Record_714387,1
Record_714534,1
Record_714571,2
Record_715063,2
Record_715108,2
Record_715158,2
Record_715472,2
Record_715575,0
Record_715672,2
Record_715803,2
Record_716017,2
Record_716126,2
Record_716149,2
Record_716154,2
Record_716171,2
Record_716218,2
Record_716270,2
Record_716376,2
Record_716396,2
Record_716484,1
Record_716520,0
Record_716663,0
Record_716884,2
Record_716910,1
Record_716988,2
Record_717037,2
Record_717215,2
Record_717282,1
Record_717292,2
Record_717303,2
Record_717334,2
Record_717339,2
Record_717366,0
Record_717441,1
Record_717614,2
Record_717744,2
Record_717746,1
Record_717765,2
Record_717802,2
Record_717809,2
Record_717844,2
Record_717915,1
Record_717980,2
Record_717989,2
Record_718186,2
Record_718212,2
Record_718260,2
Record_718287,2
Record_718327,2
Record_718345,2
Record_718431,2
Record_718464,0
Record_718652,2
Record_718817,2
Record_718843,2
Record_718973,2
Record_719337,2
Record_719363,2
Record_719413,2
Record_719480,2
Record_719730,2
Record_720003,2
Record_720019,2
Record_720066,2
Record_720128,2
Record_720181,2
Record_720200,1
Record_720320,2
Record_720364,2
Record_720428,2
Record_720448,2
Record_720467,2
Record_720530,1
Record_720580,2
Record_720627,2
Record_720637,2
Record_720649,1
Record_720659,2
Record_720701,2
Record_720849,2
Record_720861,2
Record_720945,2
Record_720976,2
Record_721016,2
Record_721305,2
Record_721316,2
Record_721336,2
Record_721714,2
Record_721952,2
Record_722247,2
Record_722267,2
Record_722269,2
Record_722301,2
Record_722524,2
Record_722639,2
Record_722686,2
Record_722716,2
Record_722741,2
Record_722777,2
Record_722785,2
Record_722820,2
Record_722887,2
Record_722977,2
Record_723055,2
Record_723071,2
Record_723073,2
Record_723214,2
Record_723239,2
Record_723248,2
Record_723285,2
Record_723334,0
Record_723387,2
Record_723445,2
Record_723502,2
Record_723572,1
Record_723587,2
Record_723665,1
Record_723692,2
Record_723714,2
Record_723732,2
Record_723834,2
Record_724053,2
Record_724080,2
Record_724185,2
Record_724395,2
Record_724651,2
Record_724963,2
Record_725011,2
Record_725044,2
Record_725051,1
Record_725335,2
Record_725490,2
Record_725605,2
Record_725719,2
Record_725988,2
Record_726075,1
Record_726143,2
Record_726262,2
Record_726263,2
Record_726433,2
Record_726589,2
Record_726720,1
Record_726916,2
Record_726936,2
Record_727106,2
Record_727130,2
Record_727159,2
Record_727277,2
Record_727427,2
Record_727599,2
Record_727667,2
Record_727746,2
Record_727785,2
Record_727838,2
Record_728025,2
Record_728043,2
Record_728057,2
Record_728086,2
Record_728126,2
Record_728137,2
Record_728138,2
Record_728227,1
Record_728346,2
Record_728604,2
Record_728707,2
Record_729054,2
Record_729129,2
Record_729157,2
Record_729234,1
Record_729243,2
Record_729326,2
Record_729350,2
Record_729451,1
Record_729484,2
Record_729639,2
Record_729676,1
Record_729757,2
Record_729805,0
Record_729941,2
Record_730255,2
Record_730291,2
Record_730336,2
Record_730425,2
Record_730526,2
Record_730620,2
Record_730692,2
Record_730756,2
Record_730918,2
Record_731008,2
Record_731027,2
Record_731061,1
Record_731067,2
Record_730913,2
Record_731136,2
Record_731159,1
Record_731173,2
Record_731317,2
Record_731365,2
Record_731536,2
Record_731553,2
Record_731572,1
Record_731576,2
Record_731756,2
Record_731822,2
Record_731832,2
Record_731889,1
Record_731930,2
Record_732170,2
Record_732243,1
Record_732251,2
Record_732262,2
Record_732307,2
Record_732573,2
Record_732593,2
Record_732757,2
Record_732770,2
Record_732771,2
Record_732815,2
Record_733108,2
Record_733203,2
Record_733324,2
Record_733465,2
Record_733567,2
Record_733756,2
Record_733792,2
Record_733916,0
Record_734108,2
Record_734118,2
Record_734254,2
Record_734446,2
Record_734516,2
Record_734527,2
Record_734754,2
Record_734852,2
Record_734888,2
Record_735032,2
Record_735038,2
Record_735132,2
Record_735151,2
Record_735158,2
Record_735333,2
Record_735527,2
Record_735594,2
Record_735635,2
Record_735674,2
Record_735784,2
Record_735850,2
Record_735993,2
Record_736052,2
Record_736114,2
Record_736148,2
Record_736159,2
Record_736176,2
Record_736685,2
Record_736898,2
Record_737018,2
Record_737185,2
Record_737204,2
Record_737336,2
Record_737408,2
Record_737496,2
Record_737574,1
Record_737590,2
Record_737668,2
Record_737764,2
Record_737860,2
Record_738053,2
Record_738064,2
Record_738203,2
Record_738280,1
Record_738325,2
Record_738430,2
Record_738570,2
Record_738668,2
Record_738706,0
Record_738788,2
Record_738852,2
Record_738888,2
Record_739422,2
Record_739520,2
Record_739542,2
Record_739613,2
Record_739672,2
Record_739746,2
Record_740177,2
Record_740317,2
Record_740340,2
Record_740456,2
Record_740549,2
Record_740576,2
Record_740689,2
Record_740719,1
Record_740807,2
Record_740818,1
Record_740878,2
Record_740954,2
Record_741002,2
Record_741018,2
Record_741101,2
Record_741281,2
Record_741446,2
Record_741509,2
Record_741684,0
Record_741708,2
Record_741720,2
Record_741837,1
Record_741893,1
Record_741898,2
Record_742017,2
Record_742066,1
Record_742098,2
Record_742366,2
Record_742385,1
Record_742472,2
Record_742521,2
Record_742641,1
Record_742657,2
Record_742803,2
Record_742869,2
Record_743038,2
Record_743145,2
Record_743562,2
Record_743588,1
Record_743755,2
Record_743870,2
Record_743871,2
Record_743875,2
Record_743994,1
Record_744042,2
Record_658708,2
Record_744703,2
Record_744869,2
Record_745039,2
Record_745074,2
Record_745433,2
Record_745435,2
Record_745443,2
Record_745487,2
Record_745523,2
Record_745790,2
Record_745040,2
Record_745863,1
Record_745935,2
Record_745987,2
Record_746081,2
Record_746106,2
Record_746249,2
Record_746260,2
Record_746583,2
Record_746662,2
Record_746983,2
Record_747049,1
Record_747228,2
Record_747275,2
Record_747362,2
Record_747475,2
Record_747487,2
Record_747501,2
Record_747827,2
Record_747951,2
Record_747975,2
Record_748032,2
Record_748060,2
Record_748064,2
Record_748159,2
Record_748244,2
Record_748268,1
Record_748279,2
Record_748281,0
Record_748296,2
Record_748301,0
Record_748395,2
Record_748557,2
Record_749100,1
Record_749193,2
Record_749247,2
Record_749364,2
Record_749441,2
Record_749474,2
Record_749514,0
Record_749576,2
Record_749584,2
Record_749591,2
Record_749662,2
Record_749724,2
Record_749785,2
Record_749960,2
Record_749988,2
Record_750063,2
Record_750097,2
Record_750159,2
Record_750292,1
Record_750293,2
Record_750309,2
Record_750317,2
Record_750414,2
Record_750484,2
Record_750537,2
Record_750548,1
Record_750552,2
Record_750614,2
Record_750776,2
Record_750806,2
Record_750809,2
Record_750863,2
Record_750926,2
Record_751085,2
Record_751282,2
Record_751646,2
Record_751713,1
Record_751809,2
Record_751845,2
Record_752039,2
Record_752304,2
Record_752411,1
Record_752528,2
Record_752530,2
Record_752643,2
Record_752784,2
Record_752785,2
Record_752824,2
Record_752918,0
Record_752994,2
Record_753217,2
Record_753251,2
Record_753278,2
Record_753365,2
Record_753728,2
Record_753763,2
Record_753766,2
Record_753777,2
Record_753795,2
Record_753837,2
Record_753942,2
Record_753995,2
Record_754038,2
Record_754059,2
Record_754105,2
Record_754149,2
Record_754316,2
Record_754321,1
Record_754467,2
Record_755038,1
Record_755062,2
Record_755073,2
Record_755177,2
Record_755271,0
Record_755420,2
Record_755423,2
Record_755654,2
Record_755773,2
Record_755957,2
Record_756090,2
Record_756116,2
Record_756233,2
Record_756255,2
Record_756404,2
Record_756415,2
Record_756602,2
Record_756685,2
Record_756787,2
Record_756865,2
Record_756879,1
Record_756892,2
Record_757003,2
Record_757013,2
Record_757035,2
Record_757059,2
Record_757148,2
Record_757159,2
Record_757164,2
Record_757201,2
Record_757218,2
Record_757269,2
Record_757289,2
Record_757320,2
Record_757474,2
Record_757703,2
Record_757795,2
Record_757865,2
Record_757979,1
Record_758070,2
Record_757972,2
Record_758308,2
Record_758312,2
Record_758405,2
Record_758613,2
Record_758645,2
Record_759001,0
Record_759117,2
Record_759123,2
Record_759224,2
Record_759476,2
Record_759548,2
Record_759607,2
Record_760429,2
Record_760464,2
Record_760484,2
Record_760487,2
Record_760539,2
Record_760567,2
Record_760645,2
Record_760735,2
Record_760830,2
Record_760907,2
Record_761032,2
Record_761034,2
Record_761156,2
Record_761225,2
Record_761259,2
Record_761274,2
Record_761323,2
Record_761497,0
Record_761681,2
Record_761714,2
Record_761790,2
Record_761919,2
Record_761960,1
Record_762055,1
Record_762133,2
Record_762167,1
Record_762281,1
Record_762353,2
Record_762366,2
Record_762555,2
Record_762607,2
Record_762854,2
Record_762920,2
Record_763089,2
Record_763167,2
Record_763478,2
Record_763649,2
Record_763675,2
Record_763686,2
Record_763821,2
Record_763951,1
Record_764111,2
Record_764130,2
Record_764211,2
Record_764232,2
Record_764249,2
Record_764258,2
Record_764415,2
Record_764682,1
Record_764724,2
Record_764838,2
Record_764889,2
Record_764962,2
Record_765008,2
Record_765015,2
Record_765105,2
Record_765111,2
Record_765273,0
Record_765277,2
Record_765285,2
Record_765304,2
Record_765363,2
Record_765427,2
Record_765645,2
Record_765647,2
Record_765814,2
Record_766032,2
Record_766078,2
Record_766106,2
Record_766231,1
Record_766457,2
Record_766486,2
Record_766973,1
Record_767059,2
Record_767535,2
Record_767550,2
Record_767623,2
Record_767722,2
Record_767768,2
Record_767920,2
Record_768250,2
Record_768314,2
Record_768682,1
Record_768711,2
Record_768878,2
Record_768925,2
Record_769056,2
Record_769264,2
Record_769335,2
Record_769680,2
Record_769748,2
Record_769784,2
Record_769872,1
Record_770046,2
Record_770135,2
Record_770243,0
Record_770260,2
Record_770334,2
Record_770348,2
Record_770406,1
Record_770817,1
Record_770890,1
Record_770939,2
Record_771037,2
Record_771150,2
Record_771356,2
Record_771518,1
Record_771587,2
Record_771896,2
Record_771927,2
Record_771997,2
Record_772214,2
Record_772303,2
Record_772329,2
Record_772401,1
Record_772468,2
Record_772689,2
Record_772701,0
Record_772852,1
Record_772862,1
Record_772865,2
Record_772920,2
Record_772927,2
Record_773119,2
Record_773163,2
Record_773169,2
Record_773194,2
Record_773265,2
Record_773414,2
Record_773466,2
Record_773490,2
Record_773555,2
Record_773575,2
Record_773584,2
Record_773639,1
Record_773682,2
Record_773697,2
Record_773846,2
Record_773922,2
Record_773964,1
Record_774070,2
Record_774141,2
Record_774147,2
Record_774158,2
Record_774189,2
Record_774296,0
Record_774478,2
Record_774539,2
Record_774725,2
Record_774787,2
Record_774829,2
Record_774921,2
Record_774945,2
Record_775027,2
Record_775089,1
Record_775157,2
Record_775255,2
Record_775259,1
Record_775298,2
Record_775416,2
Record_775540,2
Record_775597,2
Record_775649,2
Record_775692,2
Record_775699,2
Record_775720,2
Record_775842,2
Record_775843,2
Record_776227,2
Record_776246,0
Record_776301,2
Record_776358,0
Record_776418,2
Record_776482,2
Record_776571,2
Record_776572,2
Record_776606,2
Record_776713,2
Record_776817,2
Record_776975,0
Record_776976,2
Record_776989,2
Record_777001,2
Record_777069,2
Record_777373,1
Record_777399,2
Record_777545,2
Record_777662,2
Record_777753,2
Record_777767,2
Record_778027,1
Record_778043,1
Record_778141,2
Record_778182,1
Record_778291,2
Record_778364,2
Record_778456,2
Record_778470,0
Record_778552,2
Record_778698,2
Record_778794,2
Record_778891,2
Record_778894,2
Record_778991,2
Record_779052,2
Record_779053,2
Record_779070,1
Record_779086,2
Record_779168,2
Record_779300,2
Record_779302,2
Record_779357,2
Record_779425,2
Record_779483,2
Record_779611,1
Record_779698,2
Record_779759,2
Record_780084,2
Record_780128,2
Record_780201,1
Record_780316,2
Record_780434,2
Record_780451,2
Record_780550,2
Record_780614,2
Record_780741,2
Record_780836,1
Record_781000,2
Record_781040,2
Record_781095,2
Record_781196,2
Record_781140,2
Record_781243,0
Record_781300,2
Record_781310,2
Record_781311,1
Record_781342,2
Record_781372,2
Record_781378,2
Record_781450,2
Record_781503,2
Record_781566,2
Record_781729,2
Record_781763,2
Record_781895,1
Record_781901,1
Record_782093,2
Record_782120,2
Record_782155,2
Record_782393,2
Record_782517,2
Record_782674,2
Record_782822,2
Record_782887,2
Record_782913,2
Record_782970,1
Record_783156,2
Record_783346,2
Record_783353,2
Record_783470,2
Record_783513,2
Record_783521,2
Record_783550,2
Record_783708,2
Record_783719,2
Record_783837,2
Record_784100,2
Record_784247,2
Record_784331,2
Record_784437,2
Record_784441,2
Record_784475,2
Record_784523,2
Record_784525,2
Record_784547,2
Record_784637,2
Record_784656,2
Record_784777,2
Record_784814,2
Record_784841,2
Record_784887,2
Record_784958,2
Record_785038,2
Record_785142,2
Record_785321,2
Record_785439,2
Record_785445,2
Record_785505,2
Record_785791,2
Record_785806,2
Record_785912,0
Record_785992,2
Record_786022,2
Record_786049,0
Record_786158,2
Record_786317,1
Record_786506,2
Record_786558,2
Record_786565,2
Record_786635,2
Record_786885,2
Record_786987,2
Record_787126,2
Record_787130,2
Record_787141,2
Record_787232,2
Record_787279,2
Record_787322,2
Record_787425,2
Record_787468,2
Record_787470,2
Record_787539,0
Record_787696,2
Record_787744,2
Record_787773,2
Record_787904,2
Record_787997,1
Record_788135,2
Record_788211,2
Record_788214,2
Record_788563,2
Record_788565,2
Record_788578,2
Record_788594,2
Record_788597,1
Record_788604,2
Record_788641,2
Record_788731,2
Record_788913,2
Record_788924,2
Record_788963,2
Record_788985,2
Record_789285,2
Record_789335,1
Record_789472,2
Record_789489,2
Record_789492,2
Record_789514,2
Record_790008,2
Record_790166,2
Record_790201,2
Record_790303,2
Record_790347,2
Record_790356,1
Record_790359,0
Record_790422,2
Record_790450,2
Record_790490,2
Record_790640,2
Record_790772,2
Record_790845,2
Record_791252,2
Record_791514,2
Record_791863,2
Record_791870,2
Record_792366,2
Record_792382,2
Record_792426,2
Record_792607,2
Record_792662,2
Record_792748,2
Record_792818,1
Record_792825,2
Record_792875,2
Record_792914,2
Record_793090,2
Record_793165,0
Record_793230,2
Record_793512,2
Record_793795,1
Record_793843,1
Record_793851,2
Record_794118,2
Record_794190,2
Record_794430,1
Record_794444,1
Record_794497,2
Record_794525,2
Record_794629,2
Record_794683,2
Record_794925,0
Record_794994,1
Record_795163,2
Record_795268,2
Record_795282,2
Record_795295,2
Record_795328,2
Record_795353,2
Record_795477,2
Record_795487,1
Record_795761,2
Record_795787,2
Record_795801,2
Record_795819,2
Record_795859,2
Record_795860,2
Record_795878,2
Record_795925,2
Record_795939,1
Record_796148,2
Record_796595,0
Record_796608,2
Record_796752,2
Record_796900,1
Record_797178,2
Record_797305,2
Record_797312,2
Record_797442,2
Record_797492,2
Record_797504,2
Record_797576,2
Record_797645,2
Record_797684,2
Record_797691,2
Record_797724,2
Record_797793,1
Record_797815,2
Record_798043,2
Record_798126,2
Record_798189,2
Record_798273,2
Record_798290,2
Record_798449,2
Record_798494,2
Record_798639,2
Record_798692,2
Record_798709,2
Record_798797,2
Record_798875,0
Record_799200,2
Record_799333,2
Record_799355,2
Record_799580,2
Record_799670,2
Record_799919,1
Record_799991,2
Record_800023,2
Record_800108,2
Record_800234,2
Record_800401,2
Record_800642,2
Record_800774,2
Record_800956,2
Record_801009,2
Record_801054,2
Record_801066,0
Record_801173,2
Record_801235,1
Record_801300,2
Record_801389,2
Record_801477,2
Record_801485,2
Record_801623,2
Record_801659,2
Record_801675,2
Record_801801,2
Record_801806,2
Record_801822,2
Record_801900,2
Record_802092,2
Record_802106,2
Record_802208,2
Record_802223,2
Record_802325,1
Record_802539,2
Record_802733,2
Record_802791,2
Record_802812,2
Record_802825,2
Record_802960,2
Record_803133,2
Record_803580,1
Record_803582,2
Record_803636,2
Record_803651,2
Record_803662,1
Record_803896,2
Record_803911,2
Record_803985,2
Record_804011,2
Record_802653,2
Record_804233,2
Record_804296,2
Record_804306,2
Record_804319,1
Record_804674,2
Record_804742,2
Record_804988,2
Record_805129,2
Record_805202,2
Record_805321,2
Record_805434,2
Record_805435,2
Record_805467,2
Record_805608,2
Record_805665,2
Record_805700,2
Record_805890,1
Record_805955,2
Record_805972,1
Record_805976,2
Record_806026,2
Record_806028,2
Record_806081,1
Record_806338,2
Record_806410,2
Record_806482,2
Record_806493,2
Record_806507,2
Record_806543,2
Record_806632,2
Record_806652,1
Record_806701,2
Record_806876,2
Record_806942,2
Record_807008,2
Record_807009,2
Record_807132,2
Record_807293,2
Record_807386,2
Record_807476,2
Record_807538,2
Record_807568,1
Record_807635,2
Record_807723,2
Record_807796,2
Record_807799,2
Record_807888,2
Record_807990,2
Record_808079,2
Record_808123,2
Record_808290,2
Record_808359,2
Record_808388,2
Record_808409,2
Record_808629,2
Record_808730,2
Record_808909,2
Record_808953,2
Record_808975,2
Record_809101,2
Record_809187,2
Record_809261,1
Record_809510,2
Record_809533,2
Record_809705,2
Record_809941,1
Record_809948,1
Record_809975,2
Record_810048,2
Record_810181,2
Record_810249,2
Record_810364,2
Record_810423,2
Record_810425,0
Record_810518,2
Record_810524,2
Record_810528,1
Record_810887,2
Record_810934,2
Record_810972,2
Record_810976,2
Record_810979,2
Record_811314,2
Record_811587,2
Record_811658,1
Record_811676,2
Record_811724,1
Record_811793,2
Record_811895,0
Record_811947,2
Record_812061,2
Record_812167,2
Record_812320,2
Record_812567,2
Record_812708,2
Record_812744,2
Record_812795,2
Record_812840,2
Record_812941,2
Record_813403,2
Record_813410,2
Record_813526,2
Record_813628,2
Record_813643,2
Record_813881,0
Record_813982,2
Record_814042,2
Record_814246,2
Record_814306,2
Record_814465,2
Record_814541,2
Record_814708,2
Record_814888,0
Record_814976,2
Record_815075,2
Record_815413,0
Record_815511,2
Record_815637,2
Record_815765,2
Record_815807,2
Record_815808,2
Record_815851,0
Record_816094,2
Record_816163,2
Record_816199,2
Record_816337,0
Record_816462,2
Record_816585,2
Record_816640,2
Record_816885,2
Record_816934,2
Record_817115,1
Record_817140,2
Record_817188,2
Record_817394,2
Record_817653,2
Record_817727,2
Record_817781,2
Record_818241,2
Record_818393,2
Record_818502,2
Record_818525,2
Record_818697,2
Record_818721,2
Record_818780,2
Record_818864,2
Record_818926,2
Record_819016,2
Record_819065,2
Record_819105,2
Record_819365,1
Record_819442,2
Record_819495,2
Record_819533,2
Record_819698,2
Record_819705,2
Record_819840,2
Record_819876,2
Record_820191,2
Record_820224,1
Record_820300,2
Record_820361,2
Record_820521,2
Record_820606,1
Record_820643,2
Record_820687,2
Record_820772,2
Record_820878,2
Record_820915,2
Record_820903,2
Record_820923,2
Record_820932,2
Record_821017,2
Record_821058,2
Record_821104,1
Record_821110,2
Record_821152,2
Record_821193,2
Record_821424,2
Record_821506,2
Record_821809,2
Record_821902,2
Record_821970,1
Record_821990,2
Record_822474,2
Record_822596,2
Record_822598,2
Record_822732,2
Record_822801,2
Record_822809,2
Record_822839,2
Record_822867,2
Record_822926,2
Record_822960,1
Record_823004,2
Record_823078,0
Record_823329,1
Record_823393,2
Record_823462,2
Record_823547,2
Record_823757,2
Record_823836,2
Record_823958,2
Record_824052,2
Record_824089,2
Record_824229,2
Record_824260,2
Record_824271,0
Record_824454,2
Record_824984,2
Record_825055,1
Record_825370,2
Record_825399,2
Record_825468,2
Record_825543,2
Record_825594,2
Record_825603,2
Record_825798,2
Record_825821,2
Record_825956,2
Record_826046,2
Record_826138,2
Record_826283,2
Record_826289,2
Record_826568,2
Record_826581,2
Record_826628,2
Record_826873,2
Record_826878,2
Record_827074,2
Record_827108,2
Record_827136,1
Record_827145,2
Record_827301,2
Record_827313,2
Record_827456,2
Record_827488,2
Record_827764,2
Record_827867,2
Record_827881,2
Record_828058,2
Record_828059,2
Record_828136,2
Record_828297,2
Record_828375,2
Record_828495,2
Record_828501,2
Record_828708,2
Record_828916,2
Record_829012,2
Record_829027,2
Record_829192,2
Record_829210,2
Record_829237,1
Record_829286,2
Record_829501,1
Record_829640,1
Record_829736,2
Record_830013,2
Record_830016,2
Record_830118,2
Record_830474,2
Record_830485,2
Record_830642,2
Record_830791,2
Record_830874,2
Record_830946,2
Record_831441,2
Record_831497,2
Record_831591,2
Record_831652,1
Record_831678,2
Record_831714,2
Record_832027,2
Record_832117,1
Record_832246,2
Record_832305,2
Record_832315,2
Record_832410,2
Record_832440,2
Record_832493,2
Record_832498,1
Record_832666,2
Record_832679,2
Record_832704,2
Record_832769,2
Record_832898,0
Record_832942,0
Record_832998,2
Record_833142,2
Record_833210,2
Record_833255,2
Record_833259,2
Record_833288,2
Record_833458,2
Record_833675,2
Record_834077,2
Record_834256,2
Record_834653,2
Record_834789,2
Record_834801,2
Record_834905,2
Record_835156,2
Record_835322,2
Record_835515,2
Record_835585,2
Record_835639,2
Record_835818,2
Record_835860,2
Record_835861,2
Record_836044,2
Record_836045,2
Record_836066,2
Record_836096,2
Record_836101,2
Record_836271,0
Record_836612,2
Record_836867,1
Record_837085,2
Record_837170,1
Record_837172,2
Record_837606,2
Record_837820,2
Record_838067,2
Record_838132,2
Record_838502,2
Record_838518,2
Record_838547,2
Record_838608,0
Record_838701,2
Record_838770,2
Record_838921,1
Record_838936,2
Record_838938,0
Record_838964,1
Record_839068,0
Record_839148,2
Record_839250,1
Record_839300,2
Record_839319,2
Record_839407,2
Record_839457,1
Record_839461,2
Record_839499,2
Record_839589,1
Record_839782,2
Record_839984,2
Record_840012,2
Record_840100,1
Record_840220,2
Record_840240,2
Record_840250,2
Record_840299,2
Record_840338,2
Record_840423,2
Record_840467,2
Record_840554,1
Record_840795,2
Record_840884,1
Record_674674,1
Record_841125,2
Record_841446,2
Record_841496,2
Record_841512,2
Record_841641,2
Record_841689,2
Record_842090,2
Record_842353,2
Record_842433,2
Record_842440,2
Record_842511,2
Record_842588,2
Record_842834,1
Record_843161,2
Record_843222,2
Record_843382,1
Record_843524,2
Record_843702,2
Record_843709,2
Record_843715,2
Record_843804,2
Record_844036,0
Record_844079,2
Record_844121,2
Record_844136,2
Record_844161,2
Record_844170,2
Record_844258,2
Record_844304,2
Record_844413,2
Record_844436,2
Record_844553,2
Record_844586,2
Record_844599,2
Record_844619,2
Record_844651,2
Record_844894,2
Record_845318,0
Record_845510,2
Record_845629,2
Record_845765,2
Record_845785,2
Record_845799,1
Record_845820,2
Record_846156,2
Record_846364,2
Record_846501,1
Record_846703,2
Record_846873,2
Record_847252,2
Record_847435,2
Record_847464,2
Record_847749,2
Record_847800,2
Record_847855,2
Record_847870,2
Record_847926,2
Record_847958,2
Record_847971,2
Record_847983,2
Record_847984,1
Record_848135,2
Record_848186,1
Record_848327,2
Record_848352,2
Record_848457,2
Record_848495,2
Record_848550,1
Record_848581,2
Record_848603,2
Record_848745,0
Record_848776,2
Record_848822,2
Record_848889,2
Record_849023,0
Record_849040,2
Record_849185,2
Record_849251,2
Record_849319,2
Record_849443,2
Record_849638,2
Record_849781,2
Record_849923,2
Record_849943,1
Record_850093,2
Record_850105,1
Record_850299,2
Record_850321,2
Record_850514,0
Record_850672,2
Record_850826,2
Record_850904,2
Record_851040,2
Record_851057,2
Record_851520,1
Record_851652,2
Record_851869,2
Record_851936,2
Record_851950,2
Record_851973,2
Record_852295,1
Record_852331,2
Record_852572,2
Record_852579,2
Record_852790,2
Record_852835,2
Record_853131,2
Record_853271,2
Record_853277,2
Record_853344,2
Record_853544,2
Record_853767,2
Record_853829,2
Record_853966,2
Record_854007,2
Record_854068,2
Record_854104,2
Record_854248,2
Record_854312,2
Record_854431,2
Record_854662,2
Record_854725,2
Record_854772,2
Record_854801,2
Record_854839,1
Record_854982,2
Record_855011,2
Record_855286,2
Record_855610,2
Record_855678,0
Record_855816,2
Record_855900,2
Record_856043,2
Record_856060,2
Record_856058,2
Record_856103,2
Record_856353,2
Record_856475,2
Record_856597,1
Record_856730,2
Record_856940,2
Record_857045,2
Record_857654,2
Record_857798,2
Record_858078,0
Record_858143,2
Record_858321,2
Record_858349,0
Record_858476,2
Record_858673,2
Record_858740,2
Record_858824,2
Record_858832,2
Record_859011,0
Record_859093,2
Record_859210,2
Record_859229,2
Record_859240,1
Record_859445,1
Record_859461,2
Record_859565,2
Record_859571,2
Record_859586,2
Record_859619,2
Record_859650,2
Record_859753,2
Record_859957,2
Record_860156,2
Record_860212,2
Record_860406,2
Record_860451,2
Record_860469,2
Record_860665,2
Record_860727,2
Record_860797,2
Record_860979,2
Record_861254,2
Record_861323,2
Record_861639,2
Record_861692,2
Record_860344,2
Record_861708,2
Record_861932,2
Record_862071,2
Record_862128,2
Record_862194,2
Record_862247,2
Record_862707,0
Record_862995,2
Record_863120,2
Record_863245,2
Record_863525,1
Record_863904,2
Record_864083,2
Record_864098,2
Record_864158,2
Record_864242,2
Record_864304,1
Record_864483,2
Record_864492,1
Record_864652,2
Record_864683,2
Record_864756,2
Record_864836,2
Record_864889,2
Record_864925,2
Record_864926,2
Record_865020,2
Record_865195,2
Record_865199,2
Record_865235,2
Record_865484,2
Record_865582,2
Record_865634,2
Record_865746,1
Record_865770,2
Record_865859,2
Record_865969,2
Record_866071,2
Record_866109,1
Record_866126,1
Record_866212,0
Record_866245,2
Record_866307,2
Record_866355,2
Record_866441,2
Record_866504,2
Record_866570,1
Record_866697,2
Record_866711,2
Record_867015,1
Record_867182,2
Record_867359,2
Record_867454,2
Record_867491,1
Record_867568,2
Record_867682,2
Record_867938,2
Record_867960,2
Record_867965,2
Record_868040,2
Record_868059,2
Record_868339,2
Record_868362,2
Record_868625,2
Record_868656,2
Record_868680,2
Record_868948,2
Record_869302,0
Record_869308,1
Record_869335,0
Record_869401,2
Record_869492,2
Record_869836,2
Record_869932,2
Record_870152,2
Record_870284,2
Record_870413,2
Record_870420,1
Record_870744,1
Record_870855,1
Record_871224,2
Record_871480,2
Record_871504,1
Record_871584,2
Record_871653,2
Record_871696,1
Record_871718,2
Record_871736,2
Record_871839,2
Record_871938,2
Record_871951,2
Record_871988,2
Record_872067,2
Record_872103,2
Record_872192,2
Record_872209,2
Record_872263,1
Record_872301,2
Record_872400,2
Record_872448,1
Record_872571,1
Record_872960,2
Record_873091,2
Record_873133,0
Record_873194,0
Record_873285,2
Record_873407,2
Record_873596,2
Record_873659,2
Record_873825,2
Record_874378,2
Record_874771,2
Record_874780,2
Record_874994,2
Record_875327,1
Record_875473,2
Record_875595,2
Record_876085,2
Record_876132,2
Record_876181,2
Record_876392,2
Record_876450,2
Record_876523,1
Record_876699,2
Record_876875,2
Record_877126,2
Record_877285,2
Record_877367,2
Record_877423,2
Record_877424,1
Record_877502,2
Record_877577,2
Record_877709,2
Record_878242,2
Record_878391,2
Record_878438,2
Record_878509,2
Record_878619,2
Record_878621,2
Record_878840,2
Record_878954,2
Record_879208,2
Record_879382,2
Record_879444,2
Record_879591,1
Record_879693,0
Record_879778,1
Record_879888,2
Record_879905,2
Record_879936,1
Record_879977,2
Record_880024,2
Record_880037,2
Record_880070,2
Record_880239,1
Record_880242,2
Record_880298,2
Record_880365,2
Record_880406,2
Record_880443,2
Record_880567,2
Record_880722,2
Record_880728,2
Record_880744,2
Record_880840,2
Record_880868,2
Record_880924,0
Record_881068,2
Record_881196,2
Record_881282,2
Record_881545,2
Record_881560,2
Record_881601,0
Record_881628,2
Record_881659,2
Record_881724,2
Record_881802,2
Record_881885,2
Record_882316,2
Record_882476,2
Record_882510,2
Record_882804,2
Record_882987,2
Record_883182,0
Record_883291,2
Record_883365,2
Record_883506,2
Record_883527,2
Record_883598,1
Record_883613,2
Record_883711,2
Record_883814,2
Record_883912,2
Record_884090,1
Record_884135,2
Record_884145,2
Record_884186,2
Record_884227,2
Record_884330,2
Record_884414,2
Record_884575,2
Record_884577,2
Record_884619,2
Record_884628,0
Record_884712,2
Record_884792,2
Record_884968,2
Record_884984,1
Record_885005,2
Record_885111,2
Record_885158,2
Record_885298,2
Record_885452,2
Record_885462,1
Record_885473,1
Record_885535,2
Record_885565,0
Record_885650,2
Record_885664,2
Record_885773,2
Record_885930,1
Record_885964,2
Record_886029,2
Record_886181,2
Record_886224,2
Record_886261,2
Record_886272,2
Record_886476,2
Record_886484,2
Record_886597,2
Record_886639,2
Record_886716,2
Record_886717,2
Record_886740,2
Record_886741,2
Record_886788,1
Record_886808,2
Record_886876,2
Record_886974,1
Record_887058,2
Record_887142,2
Record_887163,2
Record_887232,2
Record_887239,2
Record_820222,2
Record_887307,2
Record_887317,2
Record_887336,2
Record_887340,1
Record_887442,2
Record_887491,2
Record_887524,2
Record_887597,2
Record_887630,2
Record_887652,2
Record_887695,2
Record_887711,2
Record_887800,2
Record_887830,2
Record_888042,0
Record_888142,1
Record_888239,1
Record_888315,2
Record_888475,2
Record_888847,2
Record_888949,2
Record_889321,2
Record_889353,2
Record_889358,2
Record_889369,2
Record_889438,2
Record_889472,2
Record_889640,2
Record_889671,2
Record_889784,2
Record_888798,2
Record_890101,2
Record_890253,2
Record_890271,2
Record_890275,2
Record_890365,2
Record_890512,2
Record_890552,2
Record_890556,2
Record_890563,2
Record_890663,2
Record_890764,2
Record_890787,2
Record_890820,2
Record_890912,2
Record_891017,2
Record_891127,2
Record_891246,2
Record_891259,2
Record_891338,2
Record_891613,2
Record_891833,2
Record_891861,2
Record_892006,2
Record_892117,2
Record_892144,1
Record_892321,2
Record_892477,2
Record_893071,2
Record_893255,2
Record_893296,1
Record_893737,2
Record_893753,2
Record_894006,2
Record_894193,1
Record_894606,2
Record_894635,2
Record_894638,0
Record_894930,2
Record_894970,2
Record_894982,2
Record_894992,2
Record_895324,2
Record_895437,2
Record_895443,2
Record_895467,2
Record_895527,2
Record_895594,2
Record_895752,1
Record_895774,2
Record_895859,2
Record_895864,2
Record_895898,2
Record_896002,2
Record_896013,2
Record_896173,2
Record_896239,2
Record_896352,2
Record_896540,2
Record_896565,2
Record_896603,2
Record_896735,0
Record_896791,2
Record_897018,2
Record_897213,2
Record_897217,1
Record_897379,2
Record_897482,2
Record_897522,2
Record_897539,2
Record_897540,2
Record_897593,2
Record_897668,2
Record_897669,2
Record_897734,2
Record_897790,2
Record_897808,1
Record_897876,2
Record_897904,2
Record_897987,2
Record_898016,2
Record_898241,2
Record_898302,2
Record_898703,1
Record_898727,1
Record_898738,2
Record_898772,2
Record_898774,2
Record_899029,1
Record_899046,1
Record_899214,1
Record_899380,1
Record_899581,2
Record_899683,0
Record_899811,1
Record_899862,2
Record_899934,1
Record_899936,2
Record_899959,1
Record_900000,2
Record_900268,2
Record_900406,2
Record_900719,2
Record_900736,2
Record_900786,2
Record_900794,2
Record_900818,2
Record_900837,2
Record_900954,2
Record_901064,2
Record_901190,2
Record_901304,2
Record_901435,2
Record_901683,2
Record_901725,1
Record_901748,2
Record_901766,2
Record_902104,1
Record_902184,1
Record_902204,2
Record_902259,2
Record_902276,2
Record_902297,2
Record_902369,1
Record_902378,2
Record_902454,2
Record_902544,0
Record_902615,1
Record_902626,2
Record_902682,2
Record_902709,2
Record_902715,2
Record_902804,2
Record_902971,2
Record_903144,2
Record_903251,2
Record_903434,2
Record_903470,2
Record_903610,2
Record_903660,2
Record_903818,2
Record_903841,0
Record_903986,2
Record_904125,2
Record_904136,2
Record_904140,2
Record_904142,2
Record_904503,2
Record_904528,2
Record_904616,0
Record_904643,2
Record_904713,2
Record_904774,0
Record_904838,2
Record_904867,2
Record_904907,0
Record_904943,2
Record_904948,2
Record_905389,2
Record_905453,2
Record_905542,2
Record_905567,2
Record_905744,1
Record_906362,2
Record_906367,2
Record_906540,2
Record_906576,2
Record_906929,2
Record_907073,2
Record_907097,2
Record_907187,2
Record_907240,2
Record_907309,2
Record_907491,2
Record_907563,2
Record_907601,2
Record_907694,2
Record_907752,2
Record_907785,2
Record_907788,1
Record_907935,2
Record_908047,2
Record_908242,2
Record_908349,2
Record_908696,2
Record_908928,1
Record_909115,2
Record_909197,2
Record_909237,2
Record_909254,2
Record_909259,2
Record_909305,2
Record_909465,2
Record_909505,2
Record_909641,0
Record_909700,2
Record_909927,2
Record_910146,2
Record_910172,2
Record_910467,2
Record_910568,2
Record_910665,0
Record_910723,2
Record_910856,0
Record_910863,2
Record_911000,2
Record_911020,2
Record_911183,2
Record_911249,2
Record_911320,2
Record_911726,2
Record_911979,2
Record_912036,2
Record_912183,2
Record_912249,2
Record_912351,2
Record_912413,2
Record_912450,1
Record_912621,2
Record_912747,2
Record_912770,1
Record_912797,2
Record_912808,2
Record_912838,2
Record_912879,2
Record_912997,0
Record_913162,1
Record_913167,2
Record_913178,2
Record_913316,2
Record_913236,2
Record_913411,1
Record_913457,2
Record_913485,2
Record_913553,2
Record_913663,2
Record_913705,1
Record_913752,2
Record_913856,2
Record_914004,2
Record_914020,2
Record_914031,2
Record_914045,2
Record_914077,2
Record_914165,2
Record_914286,2
Record_914313,2
Record_914382,2
Record_914446,2
Record_914614,2
Record_914688,2
Record_914855,2
Record_914933,1
Record_915266,2
Record_915285,2
Record_915647,2
Record_916071,0
Record_916115,2
Record_916179,2
Record_916428,2
Record_916592,2
Record_916865,2
Record_916909,2
Record_917110,0
Record_917370,2
Record_917461,2
Record_917506,2
Record_917693,2
Record_917741,2
Record_917921,2
Record_917980,2
Record_918072,2
Record_918337,2
Record_918378,2
Record_918384,2
Record_918408,2
Record_918479,2
Record_918572,2
Record_918589,2
Record_918855,2
Record_919000,2
Record_919010,2
Record_919112,2
Record_919152,2
Record_919233,2
Record_919249,2
Record_919559,2
Record_919715,2
Record_919765,2
Record_919837,2
Record_919889,2
Record_919913,2
Record_920190,1
Record_920242,2
Record_920255,2
Record_920364,2
Record_920373,2
Record_920472,2
Record_920509,2
Record_920512,2
Record_920638,2
Record_920930,2
Record_920956,2
Record_921003,2
Record_921118,2
Record_921147,2
Record_921200,2
Record_921239,2
Record_921407,1
Record_921654,2
Record_921678,2
Record_921720,0
Record_921728,2
Record_921900,2
Record_921917,2
Record_922102,1
Record_922112,2
Record_922136,1
Record_922229,2
Record_922245,2
Record_922278,2
Record_922324,0
Record_922339,2
Record_922341,2
Record_922455,2
Record_922639,2
Record_922654,2
Record_922909,2
Record_922967,2
Record_923452,2
Record_923486,2
Record_923541,2
Record_923545,1
Record_923624,1
Record_923716,2
Record_923949,2
Record_923996,2
Record_924019,2
Record_924023,2
Record_924032,2
Record_924202,2
Record_924353,2
Record_924388,1
Record_924417,2
Record_924815,2
Record_924860,0
Record_924904,0
Record_925013,2
Record_925021,2
Record_925027,1
Record_925029,2
Record_925249,2
Record_925348,2
Record_925603,2
Record_925652,2
Record_925844,2
Record_925882,2
Record_925906,2
Record_925929,2
Record_926043,2
Record_926078,2
Record_926168,2
Record_926193,2
Record_926200,2
Record_926430,2
Record_926460,2
Record_926529,2
Record_926531,1
Record_926835,2
Record_927391,2
Record_927497,0
Record_927511,2
Record_927596,2
Record_927650,2
Record_927912,1
Record_927944,2
Record_928062,2
Record_928143,2
Record_928226,2
Record_928229,2
Record_928282,2
Record_928409,2
Record_928509,1
Record_928728,2
Record_928757,2
Record_928808,2
Record_928802,2
Record_928865,0
Record_928914,2
Record_928926,2
Record_928983,2
Record_929260,2
Record_929284,2
Record_929300,2
Record_929311,2
Record_929568,2
Record_929614,2
Record_929755,2
Record_929788,2
Record_929834,2
Record_929852,2
Record_929863,2
Record_929873,2
Record_929916,2
Record_929934,2
Record_929939,0
Record_930025,2
Record_930027,2
Record_930067,2
Record_930087,2
Record_930254,2
Record_930268,2
Record_930332,2
Record_930412,0
Record_930430,0
Record_930512,2
Record_930517,2
Record_930544,2
Record_930571,2
Record_930589,2
Record_930593,2
Record_930754,2
Record_930789,2
Record_930791,1
Record_930820,2
Record_930845,2
Record_930848,2
Record_931101,2
Record_931115,2
Record_931187,2
Record_931288,2
Record_931372,2
Record_931391,2
Record_931440,2
Record_931467,2
Record_931477,2
Record_931577,2
Record_931648,2
Record_931715,2
Record_931765,0
Record_931793,2
Record_931913,2
Record_931979,2
Record_932023,2
Record_932118,2
Record_932303,0
Record_932410,2
Record_932484,2
Record_932565,2
Record_932770,2
Record_932810,2
Record_933187,2
Record_933230,2
Record_933695,2
Record_933789,2
Record_933809,2
Record_933829,2
Record_933876,2
Record_934004,0
Record_934094,2
Record_934158,2
Record_934204,2
Record_934211,2
Record_934227,2
Record_934276,2
Record_934284,2
Record_934343,2
Record_934464,2
Record_934493,2
Record_934719,2
Record_934744,2
Record_934759,2
Record_934792,2
Record_934809,2
Record_934927,2
Record_934930,2
Record_935243,2
Record_935303,2
Record_935614,2
Record_935717,2
Record_935902,2
Record_935954,2
Record_935993,2
Record_936064,2
Record_936119,2
Record_936363,2
Record_936387,2
Record_936465,2
Record_936525,2
Record_936529,2
Record_936583,2
Record_936706,0
Record_936735,0
Record_936805,2
Record_937047,2
Record_937310,2
Record_937405,2
Record_937555,2
Record_937567,2
Record_937547,1
Record_937641,0
Record_937647,2
Record_937676,2
Record_937773,2
Record_938254,2
Record_938339,2
Record_938367,2
Record_938383,2
Record_938399,2
Record_938385,2
Record_938422,1
Record_938477,2
Record_938600,2
Record_938641,2
Record_938679,2
Record_938733,2
Record_938919,2
Record_938931,2
Record_939076,2
Record_939169,2
Record_939261,1
Record_939328,2
Record_939475,2
Record_940095,2
Record_940114,2
Record_940115,2
Record_940291,2
Record_940300,2
Record_940371,2
Record_940407,1
Record_940561,2
Record_940755,2
Record_940806,2
Record_940893,2
Record_940896,2
Record_941171,2
Record_941319,2
Record_941358,2
Record_941368,2
Record_941369,2
Record_941396,2
Record_941426,2
Record_941485,2
Record_941602,2
Record_941775,2
Record_941824,2
Record_941875,2
Record_941919,1
Record_942024,2
Record_942099,2
Record_942104,2
Record_942163,2
Record_942313,2
Record_942337,2
Record_942360,2
Record_942646,2
Record_942729,2
Record_942732,2
Record_942754,2
Record_942785,2
Record_942818,2
Record_942884,2
Record_942899,1
Record_942958,2
Record_943050,2
Record_943256,2
Record_943354,2
Record_943372,2
Record_943432,2
Record_943584,0
Record_943618,2
Record_943631,2
Record_943645,2
Record_943702,1
Record_943851,2
Record_943882,2
Record_944043,2
Record_944204,2
Record_944241,2
Record_944295,1
Record_944572,2
Record_944586,2
Record_944654,2
Record_944807,2
Record_945548,2
Record_945765,2
Record_945834,2
Record_945847,2
Record_946136,2
Record_946191,2
Record_946212,2
Record_946660,2
Record_946741,2
Record_946892,2
Record_946896,2
Record_946935,2
Record_947075,2
Record_947139,2
Record_947321,2
Record_947429,2
Record_948052,2
Record_948030,2
Record_948067,2
Record_948136,2
Record_948155,2
Record_948265,2
Record_948274,2
Record_948295,1
Record_948445,2
Record_948544,2
Record_948573,2
Record_948574,2
Record_948591,2
Record_948724,0
Record_948788,0
Record_948800,1
Record_948884,2
Record_948885,2
Record_949783,2
Record_949786,2
Record_949804,2
Record_949851,0
Record_949864,2
Record_950040,2
Record_950154,2
Record_950248,2
Record_950281,2
Record_950297,2
Record_950307,2
Record_950373,2
Record_950585,1
Record_950589,2
Record_950632,2
Record_950671,2
Record_950718,2
Record_950741,2
Record_950885,2
Record_951151,2
Record_951194,2
Record_951208,2
Record_951216,2
Record_951362,2
Record_951433,2
Record_951485,1
Record_951642,0
Record_951824,2
Record_951834,2
Record_951836,2
Record_952017,2
Record_952221,2
Record_952308,2
Record_952358,2
Record_952864,2
Record_953034,2
Record_953227,2
Record_953402,2
Record_953586,2
Record_953654,2
Record_953950,2
Record_953959,2
Record_953985,2
Record_954020,2
Record_954056,2
Record_954058,2
Record_954105,2
Record_954153,2
Record_954276,0
Record_954304,2
Record_954582,2
Record_954897,2
Record_955000,2
Record_955080,2
Record_955119,2
Record_955344,2
Record_955671,2
Record_955748,2
Record_955822,2
Record_956258,2
Record_956301,0
Record_956837,2
Record_956955,2
Record_957163,2
Record_957355,2
Record_957402,2
Record_957408,2
Record_957660,2
Record_957722,2
Record_957962,2
Record_957984,2
Record_958738,2
Record_958768,2
Record_958878,2
Record_958982,2
Record_959077,2
Record_959373,2
Record_919634,1
Record_959829,2
Record_959897,2
Record_959947,2
Record_959936,2
Record_959985,2
Record_960470,2
Record_960565,2
Record_960664,2
Record_960807,2
Record_960980,2
Record_961017,2
Record_961046,2
Record_961224,2
Record_961246,0
Record_961505,2
Record_961637,2
Record_961740,2
Record_961787,2
Record_962264,1
Record_962604,2
Record_962653,2
Record_962655,2
Record_962926,2
Record_963478,2
Record_963627,2
Record_963874,2
Record_963940,2
Record_963946,2
Record_964054,2
Record_964063,2
Record_964241,2
Record_964354,0
Record_964394,2
Record_965333,2
Record_965439,0
Record_965660,2
Record_966071,0
Record_966246,2
Record_966489,0
Record_966962,2
Record_967044,2
Record_967343,2
Record_967363,2
Record_967399,2
Record_967433,2
Record_967503,2
Record_968098,2
Record_968131,2
Record_968187,2
Record_968193,2
Record_924849,2
Record_968481,1
Record_968652,2
Record_969398,2
Record_969536,2
Record_969783,0
Record_969873,2
Record_969910,2
Record_970143,2
Record_970291,2
Record_970731,2
Record_970892,2
Record_970921,0
Record_971063,2
Record_971073,2
Record_971154,0
Record_971309,2
Record_971517,2
Record_971633,0
Record_971645,2
Record_972205,0
Record_972445,2
Record_972448,0
Record_972888,2
Record_973044,2
Record_973150,2
Record_973223,2
Record_973300,2
Record_973429,2
Record_973453,2
Record_973691,2
Record_974081,0
Record_974295,2
Record_974301,2
Record_974334,2
Record_847915,1
Record_974702,2
Record_974897,2
Record_975113,0
Record_975883,2
Record_975954,2
Record_976143,2
Record_976333,2
Record_976394,2
Record_976508,2
Record_976616,2
Record_976620,2
Record_976660,2
Record_976668,2
Record_976674,2
Record_976881,0
Record_976885,2
Record_976966,2
Record_977013,2
Record_977250,2
Record_977312,2
Record_977604,2
Record_977616,2
Record_978192,2
Record_978215,2
Record_978246,2
Record_978344,2
Record_978375,0
Record_978483,2
Record_978812,2
Record_978841,0
Record_978904,2
Record_978966,2
Record_979068,2
Record_979103,2
Record_979170,2
Record_979293,2
Record_979620,2
Record_979669,2
Record_979698,2
Record_979726,0
Record_980065,2
Record_980507,2
Record_980646,2
Record_980720,2
Record_980817,2
